ImageNumber,ObjectNumber,FileName_DNA,PathName_DNA,AreaShape_Area,AreaShape_Area,AreaShape_BoundingBoxArea,AreaShape_BoundingBoxArea,AreaShape_BoundingBoxMaximum_X,AreaShape_BoundingBoxMaximum_X,AreaShape_BoundingBoxMaximum_Y,AreaShape_BoundingBoxMaximum_Y,AreaShape_BoundingBoxMinimum_X,AreaShape_BoundingBoxMinimum_X,AreaShape_BoundingBoxMinimum_Y,AreaShape_BoundingBoxMinimum_Y,AreaShape_Center_X,AreaShape_Center_X,AreaShape_Center_Y,AreaShape_Center_Y,AreaShape_Compactness,AreaShape_Compactness,AreaShape_ConvexArea,AreaShape_ConvexArea,AreaShape_Eccentricity,AreaShape_Eccentricity,AreaShape_EquivalentDiameter,AreaShape_EquivalentDiameter,AreaShape_EulerNumber,AreaShape_EulerNumber,AreaShape_Extent,AreaShape_Extent,AreaShape_FormFactor,AreaShape_FormFactor,AreaShape_MajorAxisLength,AreaShape_MajorAxisLength,AreaShape_MaxFeretDiameter,AreaShape_MaxFeretDiameter,AreaShape_MaximumRadius,AreaShape_MaximumRadius,AreaShape_MeanRadius,AreaShape_MeanRadius,AreaShape_MedianRadius,AreaShape_MedianRadius,AreaShape_MinFeretDiameter,AreaShape_MinFeretDiameter,AreaShape_MinorAxisLength,AreaShape_MinorAxisLength,AreaShape_Orientation,AreaShape_Orientation,AreaShape_Perimeter,AreaShape_Perimeter,AreaShape_Solidity,AreaShape_Solidity,AreaShape_Zernike_0_0,AreaShape_Zernike_0_0,AreaShape_Zernike_1_1,AreaShape_Zernike_1_1,AreaShape_Zernike_2_0,AreaShape_Zernike_2_0,AreaShape_Zernike_2_2,AreaShape_Zernike_2_2,AreaShape_Zernike_3_1,AreaShape_Zernike_3_1,AreaShape_Zernike_3_3,AreaShape_Zernike_3_3,AreaShape_Zernike_4_0,AreaShape_Zernike_4_0,AreaShape_Zernike_4_2,AreaShape_Zernike_4_2,AreaShape_Zernike_4_4,AreaShape_Zernike_4_4,AreaShape_Zernike_5_1,AreaShape_Zernike_5_1,AreaShape_Zernike_5_3,AreaShape_Zernike_5_3,AreaShape_Zernike_5_5,AreaShape_Zernike_5_5,AreaShape_Zernike_6_0,AreaShape_Zernike_6_0,AreaShape_Zernike_6_2,AreaShape_Zernike_6_2,AreaShape_Zernike_6_4,AreaShape_Zernike_6_4,AreaShape_Zernike_6_6,AreaShape_Zernike_6_6,AreaShape_Zernike_7_1,AreaShape_Zernike_7_1,AreaShape_Zernike_7_3,AreaShape_Zernike_7_3,AreaShape_Zernike_7_5,AreaShape_Zernike_7_5,AreaShape_Zernike_7_7,AreaShape_Zernike_7_7,AreaShape_Zernike_8_0,AreaShape_Zernike_8_0,AreaShape_Zernike_8_2,AreaShape_Zernike_8_2,AreaShape_Zernike_8_4,AreaShape_Zernike_8_4,AreaShape_Zernike_8_6,AreaShape_Zernike_8_6,AreaShape_Zernike_8_8,AreaShape_Zernike_8_8,AreaShape_Zernike_9_1,AreaShape_Zernike_9_1,AreaShape_Zernike_9_3,AreaShape_Zernike_9_3,AreaShape_Zernike_9_5,AreaShape_Zernike_9_5,AreaShape_Zernike_9_7,AreaShape_Zernike_9_7,AreaShape_Zernike_9_9,AreaShape_Zernike_9_9,Children_Depositions_Count,Number_Object_Number
1,1,GtDeer_treatment_septum_4x_29.tif,/Users/kemart/Documents/GitHub/chRonic-time-wasting-disease/TestImages,443824,443824,607690,607690,1020,1020,809,809,113,113,139,139,577.5545080932983,577.5545080932983,466.7289849129385,466.7289849129385,1.2219441413886896,1.2219441413886896,448968,448968,0.6713565970899706,0.6713565970899706,751.7275222462849,751.7275222462849,1,1,0.7303460646053086,0.7303460646053086,0.8183680138304366,0.8183680138304366,877.8204894853524,877.8204894853524,907.2733876842194,907.2733876842194,315.9572755927611,315.9572755927611,116.36436205376742,116.36436205376742,103.81233067415451,103.81233067415451,638.865120979618,638.865120979618,650.5830332510728,650.5830332510728,-88.51957414862486,-88.51957414862486,2610.5739520663055,2610.5739520663055,0.9885426132820156,0.9885426132820156,0.686360835163886,0.686360835163886,0.05938604695780033,0.05938604695780033,0.178466950031027,0.178466950031027,0.06797957926809324,0.06797957926809324,0.014207043873376247,0.014207043873376247,0.007876497038652678,0.007876497038652678,0.04354658454890402,0.04354658454890402,0.014939980447261313,0.014939980447261313,0.02236365865879517,0.02236365865879517,0.027781531820888338,0.027781531820888338,0.010105138421702891,0.010105138421702891,0.010637597685732891,0.010637597685732891,0.005598446420386897,0.005598446420386897,0.019199849651888007,0.019199849651888007,0.0032209464397518115,0.0032209464397518115,0.009128162229285355,0.009128162229285355,0.0037839520958018926,0.0037839520958018926,0.006963274970581349,0.006963274970581349,0.00643957968724418,0.00643957968724418,0.00456609451883859,0.00456609451883859,0.004604402601577082,0.004604402601577082,0.010137415770530164,0.010137415770530164,0.007628903971186658,0.007628903971186658,0.0034654780147817515,0.0034654780147817515,0.006789849404865496,0.006789849404865496,0.013206668356222421,0.013206668356222421,0.008352885898262243,0.008352885898262243,0.0048903264823885,0.0048903264823885,0.00422554292435589,0.00422554292435589,0.0014423683426656561,0.0014423683426656561,3073,1
1,2,GtDeer_treatment_septum_4x_29.tif,/Users/kemart/Documents/GitHub/chRonic-time-wasting-disease/TestImages,679,679,891,891,124,124,790,790,97,97,757,757,110.40795287187039,110.40795287187039,773.2150220913107,773.2150220913107,1.1625761792863656,1.1625761792863656,710,710,0.6576192616729754,0.6576192616729754,29.40288507740653,29.40288507740653,1,1,0.7620650953984287,0.7620650953984287,0.8601586870753183,0.8601586870753183,34.37830056797879,34.37830056797879,34.9857113690718,34.9857113690718,12.36931687685298,12.36931687685298,4.851095558266294,4.851095558266294,4.123105625617661,4.123105625617661,24.914978715294172,24.914978715294172,25.89890834370837,25.89890834370837,15.4992197186644,15.4992197186644,99.59797974644667,99.59797974644667,0.956338028169014,0.956338028169014,0.7063150742444245,0.7063150742444245,0.14529695034922088,0.14529695034922088,0.11200472179485993,0.11200472179485993,0.0480433073315036,0.0480433073315036,0.010263194830504687,0.010263194830504687,0.007968431297428113,0.007968431297428113,0.005750051373663996,0.005750051373663996,0.037028858267385036,0.037028858267385036,0.028603105536823156,0.028603105536823156,0.02503057594133369,0.02503057594133369,0.007256021345610159,0.007256021345610159,0.008812512014961537,0.008812512014961537,0.012655990774225937,0.012655990774225937,0.0022788073751600743,0.0022788073751600743,0.008501683039266997,0.008501683039266997,0.01114198570057945,0.01114198570057945,0.0029179418161697575,0.0029179418161697575,0.012009821866353194,0.012009821866353194,0.011447003635606521,0.011447003635606521,0.008367083563489069,0.008367083563489069,0.008176312096444932,0.008176312096444932,0.009511846414455192,0.009511846414455192,0.005058442046764337,0.005058442046764337,0.0038611445382679163,0.0038611445382679163,0.007734513229440865,0.007734513229440865,0.006254760954641285,0.006254760954641285,0.0032496445973202205,0.0032496445973202205,0.0018922269913115332,0.0018922269913115332,0.0032258763005580744,0.0032258763005580744,0.00400259740218133,0.00400259740218133,4,2
1,3,GtDeer_treatment_septum_4x_29.tif,/Users/kemart/Documents/GitHub/chRonic-time-wasting-disease/TestImages,345,345,462,462,171,171,829,829,150,150,807,807,159.97971014492754,159.97971014492754,817.336231884058,817.336231884058,1.046441836309873,1.046441836309873,358,358,0.4659418560223055,0.4659418560223055,20.958712816717327,20.958712816717327,1,1,0.7467532467532467,0.7467532467532467,0.9556192855652221,0.9556192855652221,22.298930644756012,22.298930644756012,21.95449840010015,21.95449840010015,9.848857801796104,9.848857801796104,3.743462112221561,3.743462112221561,3.1622776601683795,3.1622776601683795,19.091883092036785,19.091883092036785,19.73043591150741,19.73043591150741,33.43811221328749,33.43811221328749,67.35533905932738,67.35533905932738,0.9636871508379888,0.9636871508379888,0.9113436575386538,0.9113436575386538,0.04208293769756589,0.04208293769756589,0.06934958591914198,0.06934958591914198,0.04934019205161885,0.04934019205161885,0.022655653283714782,0.022655653283714782,0.01582766044663131,0.01582766044663131,0.04061148230740619,0.04061148230740619,0.027557884326140435,0.027557884326140435,0.008022112314063301,0.008022112314063301,0.004294825276656858,0.004294825276656858,0.006388445873026854,0.006388445873026854,0.004028618286651051,0.004028618286651051,0.01535605722525646,0.01535605722525646,0.009574687138447183,0.009574687138447183,0.012794782424787316,0.012794782424787316,0.004074726292265216,0.004074726292265216,0.009275824123165032,0.009275824123165032,0.008452540150213622,0.008452540150213622,0.006005494387277275,0.006005494387277275,0.0008573954425422812,0.0008573954425422812,0.0014363799145892817,0.0014363799145892817,0.0007779195806031778,0.0007779195806031778,0.010794288069746465,0.010794288069746465,0.0024979735864275212,0.0024979735864275212,0.005768621404133907,0.005768621404133907,0.009552085841053241,0.009552085841053241,0.005852370203175971,0.005852370203175971,0.0035833359301093008,0.0035833359301093008,0.0030699185739771193,0.0030699185739771193,0.0020949178568597307,0.0020949178568597307,2,3
1,4,GtDeer_treatment_septum_4x_29.tif,/Users/kemart/Documents/GitHub/chRonic-time-wasting-disease/TestImages,86,86,140,140,1111,1111,843,843,1104,1104,823,823,1107.9418604651162,1107.9418604651162,834.8837209302326,834.8837209302326,1.653956718416242,1.653956718416242,94,94,0.9521450726449374,0.9521450726449374,10.464157913908982,10.464157913908982,1,1,0.6142857142857143,0.6142857142857143,0.6046107427512112,0.6046107427512112,19.96037521868212,19.96037521868212,19.6468827043885,19.6468827043885,3.1622776601683795,3.1622776601683795,1.6348651587677396,1.6348651587677396,1.4142135623730951,1.4142135623730951,6.0,6.0,6.100818095328454,6.100818095328454,-8.523813387057436,-8.523813387057436,42.27817459305203,42.27817459305203,0.9148936170212766,0.9148936170212766,0.2836751317285596,0.2836751317285596,0.07000821135835636,0.07000821135835636,0.08904370624808979,0.08904370624808979,0.08067297786211435,0.08067297786211435,0.01800835920373701,0.01800835920373701,0.035595851629865255,0.035595851629865255,0.054096400440633914,0.054096400440633914,0.03350599508663171,0.03350599508663171,0.03580115476096109,0.03580115476096109,0.016242147517076123,0.016242147517076123,0.010466745454250376,0.010466745454250376,0.020303726624785495,0.020303726624785495,0.015042989604298762,0.015042989604298762,0.028754702144833902,0.028754702144833902,0.011587173401282333,0.011587173401282333,0.014378500360507106,0.014378500360507106,0.009565098934346952,0.009565098934346952,0.012908983869313778,0.012908983869313778,0.005114274006646489,0.005114274006646489,0.011330878207562697,0.011330878207562697,0.022388441053360533,0.022388441053360533,0.0039009420296286946,0.0039009420296286946,0.013784879776966914,0.013784879776966914,0.004682283391097043,0.004682283391097043,0.004755928321041795,0.004755928321041795,0.006724846649259791,0.006724846649259791,0.005259187889193942,0.005259187889193942,0.008912129811354058,0.008912129811354058,0.002805505418131755,0.002805505418131755,0.005095937579652856,0.005095937579652856,0,4
2,1,GtDeer_treatment_septum_4x_37.tif,/Users/kemart/Documents/GitHub/chRonic-time-wasting-disease/TestImages,169,169,232,232,1179,1179,73,73,1171,1171,44,44,1175.1183431952663,1175.1183431952663,56.76331360946745,56.76331360946745,1.7267235036633442,1.7267235036633442,177,177,0.9492476249821729,0.9492476249821729,14.668929172241665,14.668929172241665,1,1,0.728448275862069,0.728448275862069,0.5791315157744954,0.5791315157744954,27.115172235297457,27.115172235297457,28.0,28.0,4.0,4.0,2.085759433175908,2.085759433175908,2.0,2.0,7.0,7.0,8.528527604301761,8.528527604301761,2.3093056572449115,2.3093056572449115,60.556349186104036,60.556349186104036,0.9548022598870056,0.9548022598870056,0.274461075331942,0.274461075331942,0.06147566486586334,0.06147566486586334,0.10549566511068367,0.10549566511068367,0.05047904177343204,0.05047904177343204,0.062047040600687324,0.062047040600687324,0.024890934526980824,0.024890934526980824,0.016379299970428123,0.016379299970428123,0.024730525495773543,0.024730525495773543,0.021083055311901067,0.021083055311901067,0.03762763021291197,0.03762763021291197,0.031277147093171566,0.031277147093171566,0.012880488820542454,0.012880488820542454,0.007482293654950232,0.007482293654950232,0.002658803248716783,0.002658803248716783,0.007639780333937758,0.007639780333937758,0.011688529376241251,0.011688529376241251,0.01364139743500485,0.01364139743500485,0.01710222448002241,0.01710222448002241,0.016727439200195173,0.016727439200195173,0.007700774077310531,0.007700774077310531,0.00417428682929362,0.00417428682929362,0.0077157385651504375,0.0077157385651504375,0.004553865818913209,0.004553865818913209,0.0024349585279900506,0.0024349585279900506,0.00747614051117432,0.00747614051117432,0.0012805028732275569,0.0012805028732275569,0.0051440283515640575,0.0051440283515640575,0.007652839362805099,0.007652839362805099,0.009913282736088484,0.009913282736088484,0.004903140428757773,0.004903140428757773,1,1
2,2,GtDeer_treatment_septum_4x_37.tif,/Users/kemart/Documents/GitHub/chRonic-time-wasting-disease/TestImages,945727,945727,1316463,1316463,1076,1076,1514,1514,143,143,103,103,607.6221235092156,607.6221235092156,785.4409105376076,785.4409105376076,3.0016518235659113,3.0016518235659113,1002034,1002034,0.7655276610242068,0.7655276610242068,1097.3317706709086,1097.3317706709086,-1,-1,0.7183847931920608,0.7183847931920608,0.3331498983822904,0.3331498983822904,1404.7545800818696,1404.7545800818696,1433.3352713165193,1433.3352713165193,314.0,314.0,96.60565351210414,96.60565351210414,88.29496021857646,88.29496021857646,930.6126645863181,930.6126645863181,903.8232890344899,903.8232890344899,-7.3261631172209745,-7.3261631172209745,5972.662622758373,5972.662622758373,0.9438072959600173,0.9438072959600173,0.586111618644285,0.586111618644285,0.019928575280848893,0.019928575280848893,0.18674542799239308,0.18674542799239308,0.08289516159199563,0.08289516159199563,0.00652471147708788,0.00652471147708788,0.004963047091142811,0.004963047091142811,0.02298613514894226,0.02298613514894226,0.027122197617585195,0.027122197617585195,0.02631071693399967,0.02631071693399967,0.009038899137739915,0.009038899137739915,0.006674167479151804,0.006674167479151804,0.005100602982666924,0.005100602982666924,0.028141338365153062,0.028141338365153062,0.0188193165742238,0.0188193165742238,0.008641685267432283,0.008641685267432283,0.016638896648340968,0.016638896648340968,0.0026707727695574083,0.0026707727695574083,0.0030969210235309397,0.0030969210235309397,0.005290598811374616,0.005290598811374616,0.0014125690747114807,0.0014125690747114807,0.0013714114136751695,0.0013714114136751695,0.005073450067795169,0.005073450067795169,0.021553086074264528,0.021553086074264528,0.0044281214049825286,0.0044281214049825286,0.007683364064563005,0.007683364064563005,0.00439188149630747,0.00439188149630747,0.008110533627648448,0.008110533627648448,0.0008521090560818968,0.0008521090560818968,0.0036969505069245957,0.0036969505069245957,0.001862326289172548,0.001862326289172548,1526,2
2,3,GtDeer_treatment_septum_4x_37.tif,/Users/kemart/Documents/GitHub/chRonic-time-wasting-disease/TestImages,598,598,816,816,1062,1062,1524,1524,1028,1028,1500,1500,1045.6137123745818,1045.6137123745818,1512.3461538461538,1512.3461538461538,1.171846407503443,1.171846407503443,621,621,0.7694531295516913,0.7694531295516913,27.59342761875783,27.59342761875783,1,1,0.7328431372549019,0.7328431372549019,0.8533541542619457,0.8533541542619457,34.79343971341509,34.79343971341509,33.734255586866,33.734255586866,11.0,11.0,4.450253615222199,4.450253615222199,4.061552812808831,4.061552812808831,21.726354566715067,21.726354566715067,22.22268410939585,22.22268410939585,-74.40603846340224,-74.40603846340224,93.84062043356593,93.84062043356593,0.9629629629629629,0.9629629629629629,0.66682844346411,0.66682844346411,0.04459698989454534,0.04459698989454534,0.16431409174707418,0.16431409174707418,0.10599437001117086,0.10599437001117086,0.012267015882852644,0.012267015882852644,0.010759365159579676,0.010759365159579676,0.01252923772321146,0.01252923772321146,0.013621629692015455,0.013621629692015455,0.01569244451096122,0.01569244451096122,0.006316039507632091,0.006316039507632091,0.017903229977469515,0.017903229977469515,0.015697253109843653,0.015697253109843653,0.01589249370685424,0.01589249370685424,0.02526203040195188,0.02526203040195188,0.013631881600140736,0.013631881600140736,0.003990299414242055,0.003990299414242055,0.0053851460122959155,0.0053851460122959155,0.00399147082399334,0.00399147082399334,0.0055805843146297,0.0055805843146297,0.00804674044271129,0.00804674044271129,0.008923900803948845,0.008923900803948845,0.003308971219262259,0.003308971219262259,0.008972686185471585,0.008972686185471585,0.005470272542238405,0.005470272542238405,0.004178546077302603,0.004178546077302603,0.0007156771423309729,0.0007156771423309729,0.006467925816959058,0.006467925816959058,0.010350735776615843,0.010350735776615843,0.005953348156327957,0.005953348156327957,0.0023551582120113056,0.0023551582120113056,15,3
3,1,GtDeer_treatment_septum_4x_45.tif,/Users/kemart/Documents/GitHub/chRonic-time-wasting-disease/TestImages,1242370,1242370,1666416,1666416,1200,1200,1398,1398,8,8,0,0,623.2204649178586,623.2204649178586,693.0822041742798,693.0822041742798,1.472171932853507,1.472171932853507,1288225,1288225,0.571913992221039,0.571913992221039,1257.7100672224199,1257.7100672224199,0,0,0.7455341283329012,0.7455341283329012,0.6792684860264266,0.6792684860264266,1400.9725851273167,1400.9725851273167,1398.331148190585,1398.331148190585,433.2020313895123,433.2020313895123,152.08249119787408,152.08249119787408,139.2838827718412,139.2838827718412,1136.8816074702877,1136.8816074702877,1149.2368504242943,1149.2368504242943,-8.761046990792396,-8.761046990792396,4794.128568148855,4794.128568148855,0.9644045100817016,0.9644045100817016,0.8067151276731681,0.8067151276731681,0.07602673343222685,0.07602673343222685,0.11695254991518154,0.11695254991518154,0.0589012855335167,0.0589012855335167,0.014131945433990234,0.014131945433990234,0.006565459982602845,0.006565459982602845,0.04221164671458527,0.04221164671458527,0.006325895391593965,0.006325895391593965,0.012023163252514946,0.012023163252514946,0.01583346997976341,0.01583346997976341,0.016964224238972234,0.016964224238972234,0.012860720454673388,0.012860720454673388,0.014892832383356192,0.014892832383356192,0.01765785919265398,0.01765785919265398,0.011991104717317808,0.011991104717317808,0.008617439187325042,0.008617439187325042,0.010400886551486221,0.010400886551486221,0.0043352105667846886,0.0043352105667846886,0.0022302041221347476,0.0022302041221347476,0.0072892578118515785,0.0072892578118515785,0.013194577630723474,0.013194577630723474,0.004412462402723748,0.004412462402723748,0.0020222310788437247,0.0020222310788437247,0.002235473312837883,0.002235473312837883,0.007746014598336529,0.007746014598336529,0.0025784714679272154,0.0025784714679272154,0.006281070820715158,0.006281070820715158,0.008533164013625357,0.008533164013625357,0.007759735133605154,0.007759735133605154,0.004709652130987363,0.004709652130987363,414,1
3,2,GtDeer_treatment_septum_4x_45.tif,/Users/kemart/Documents/GitHub/chRonic-time-wasting-disease/TestImages,185,185,384,384,1220,1220,1398,1398,1204,1204,1374,1374,1214.2486486486487,1214.2486486486487,1389.6486486486488,1389.6486486486488,1.7394893683254387,1.7394893683254387,204,204,0.8745799785550148,0.8745799785550148,15.347615963921077,15.347615963921077,1,1,0.4817708333333333,0.4817708333333333,0.5748813520847639,0.5748813520847639,24.70291245654071,24.70291245654071,27.459060435491963,27.459060435491963,5.656854249492381,5.656854249492381,2.243719124470424,2.243719124470424,2.0,2.0,12.564158952579213,12.564158952579213,11.977979949624926,11.977979949624926,-25.818240750231414,-25.818240750231414,63.59188309203678,63.59188309203678,0.9068627450980392,0.9068627450980392,0.31239962304509955,0.31239962304509955,0.11323635227425839,0.11323635227425839,0.074170554993244,0.074170554993244,0.0460101574576694,0.0460101574576694,0.07093557559403493,0.07093557559403493,0.029177135016123446,0.029177135016123446,0.012713603611773832,0.012713603611773832,0.015498448557046775,0.015498448557046775,0.011674976964944541,0.011674976964944541,0.028279295734305036,0.028279295734305036,0.02818006126302195,0.02818006126302195,0.007227192130136486,0.007227192130136486,0.011309671740436254,0.011309671740436254,0.015419722076458352,0.015419722076458352,0.002335291514898896,0.002335291514898896,0.018379222184033216,0.018379222184033216,0.009122928070230076,0.009122928070230076,0.007677244674903441,0.007677244674903441,0.012578234150303574,0.012578234150303574,0.01347568666966253,0.01347568666966253,0.003313581578328191,0.003313581578328191,0.00839858372292169,0.00839858372292169,0.005367762184945493,0.005367762184945493,0.0013398397888437304,0.0013398397888437304,0.004976963855537325,0.004976963855537325,0.005923438685459413,0.005923438685459413,0.009149534190399,0.009149534190399,0.011358180751740669,0.011358180751740669,0.010553754491251378,0.010553754491251378,0.004505864617074716,0.004505864617074716,0,2
4,1,GtDeer_treatment_septum_4x_53.tif,/Users/kemart/Documents/GitHub/chRonic-time-wasting-disease/TestImages,26001,26001,75320,75320,1205,1205,292,292,925,925,23,23,1070.731548786585,1070.731548786585,157.25910541902235,157.25910541902235,2.361237754995855,2.361237754995855,31070,31070,0.9602442034967004,0.9602442034967004,181.9491725803087,181.9491725803087,1,1,0.3452071163037706,0.3452071163037706,0.42350669596241286,0.42350669596241286,358.4597799583861,358.4597799583861,335.49068541466244,335.49068541466244,45.45327270945405,45.45327270945405,18.54371723196503,18.54371723196503,17.4928556845359,17.4928556845359,118.51106802027017,118.51106802027017,100.06812271781253,100.06812271781253,42.16871272554055,42.16871272554055,878.3544725075502,878.3544725075502,0.8368522690698423,0.8368522690698423,0.2927946946883617,0.2927946946883617,0.03335559391469004,0.03335559391469004,0.10588179911464532,0.10588179911464532,0.07686961512778737,0.07686961512778737,0.018973281317641224,0.018973281317641224,0.024023394189459146,0.024023394189459146,0.04793772361764288,0.04793772361764288,0.0449840685481029,0.0449840685481029,0.031807086963559515,0.031807086963559515,0.01116323868958018,0.01116323868958018,0.020271987482030258,0.020271987482030258,0.016121520992874394,0.016121520992874394,0.02889005085943025,0.02889005085943025,0.017897846268043475,0.017897846268043475,0.022376992779598683,0.022376992779598683,0.011503458437748536,0.011503458437748536,0.0071579020613453306,0.0071579020613453306,0.010508153355754607,0.010508153355754607,0.015653042051974347,0.015653042051974347,0.010541155752182896,0.010541155752182896,0.00597355091889846,0.00597355091889846,0.012852910738562954,0.012852910738562954,0.006615268170677334,0.006615268170677334,0.010022330047923396,0.010022330047923396,0.0037938461925516626,0.0037938461925516626,0.003431203723444244,0.003431203723444244,0.004935732735181008,0.004935732735181008,0.007764271093539224,0.007764271093539224,0.009378334042878338,0.009378334042878338,0.007097569025347948,0.007097569025347948,0,1
4,2,GtDeer_treatment_septum_4x_53.tif,/Users/kemart/Documents/GitHub/chRonic-time-wasting-disease/TestImages,681546,681546,1167880,1167880,1221,1221,1077,1077,17,17,107,107,634.587936837719,634.587936837719,627.4239332341471,627.4239332341471,2.859748601648482,2.859748601648482,789053,789053,0.6537129264282233,0.6537129264282233,931.5424406628349,931.5424406628349,1,1,0.5835753673322601,0.5835753673322601,0.34968108714995333,0.34968108714995333,1154.888149732983,1154.888149732983,1216.6893605189453,1216.6893605189453,232.0021551624036,232.0021551624036,84.49714437971255,84.49714437971255,77.1621668954417,77.1621668954417,921.7646987837426,921.7646987837426,873.9530971287824,873.9530971287824,74.29281754688036,74.29281754688036,4948.988524566177,4948.988524566177,0.8637518645769042,0.8637518645769042,0.5862000771151297,0.5862000771151297,0.03401769565708543,0.03401769565708543,0.16694326871703422,0.16694326871703422,0.0563103560528113,0.0563103560528113,0.025772843070409838,0.025772843070409838,0.012470435074165754,0.012470435074165754,0.047977350319791945,0.047977350319791945,0.019678969914801444,0.019678969914801444,0.030559467524971053,0.030559467524971053,0.0261785640174186,0.0261785640174186,0.016309076955116415,0.016309076955116415,0.006709327361132116,0.006709327361132116,0.0288694711248078,0.0288694711248078,0.024334060096443864,0.024334060096443864,0.017151214874737718,0.017151214874737718,0.012283368433219461,0.012283368433219461,0.012928455498457964,0.012928455498457964,0.00680778879726731,0.00680778879726731,0.013029071695287166,0.013029071695287166,0.0046955618259293145,0.0046955618259293145,0.004437615791766797,0.004437615791766797,0.0035836310638982286,0.0035836310638982286,0.002205211113483548,0.002205211113483548,0.004700788735654092,0.004700788735654092,0.006738283834430683,0.006738283834430683,0.0012992345517053108,0.0012992345517053108,0.0016185274578454437,0.0016185274578454437,0.007935330917424823,0.007935330917424823,0.009079608244752494,0.009079608244752494,0.0038087574864066175,0.0038087574864066175,10,2
4,3,GtDeer_treatment_septum_4x_53.tif,/Users/kemart/Documents/GitHub/chRonic-time-wasting-disease/TestImages,5554,5554,9656,9656,1000,1000,276,276,932,932,134,134,960.7353258912495,960.7353258912495,214.3770255671588,214.3770255671588,2.007708202970082,2.007708202970082,6592,6592,0.9394083997560597,0.9394083997560597,84.0926419578972,84.0926419578972,1,1,0.5751864125932062,0.5751864125932062,0.4980803477919054,0.4980803477919054,155.12983926031504,155.12983926031504,144.15616532080756,144.15616532080756,26.248809496813376,26.248809496813376,9.81621957995959,9.81621957995959,8.54400374531753,8.54400374531753,55.14458818325647,55.14458818325647,53.178513077112186,53.178513077112186,14.25314417810523,14.25314417810523,374.3330444827409,374.3330444827409,0.8425364077669902,0.8425364077669902,0.340290285908238,0.340290285908238,0.04911198772485744,0.04911198772485744,0.10592506616602249,0.10592506616602249,0.09015585741905503,0.09015585741905503,0.03987840616826768,0.03987840616826768,0.011039386730664938,0.011039386730664938,0.024178053702626212,0.024178053702626212,0.04724851524040633,0.04724851524040633,0.03967426367837792,0.03967426367837792,0.028461856509206778,0.028461856509206778,0.009866515077712565,0.009866515077712565,0.002922202387975849,0.002922202387975849,0.015650187851187138,0.015650187851187138,0.004574486520209966,0.004574486520209966,0.0228511028788955,0.0228511028788955,0.01882694481919121,0.01882694481919121,0.015261911826925824,0.015261911826925824,0.007714845997478885,0.007714845997478885,0.008335000879862121,0.008335000879862121,0.0027480509821846792,0.0027480509821846792,0.003676353763634335,0.003676353763634335,0.007302919786130819,0.007302919786130819,0.006794596485352421,0.006794596485352421,0.007231441674729579,0.007231441674729579,0.009371966120732603,0.009371966120732603,0.0030496685450951593,0.0030496685450951593,0.0023926049683489123,0.0023926049683489123,0.006756601091623412,0.006756601091623412,0.008172019018483734,0.008172019018483734,0.003087228428302339,0.003087228428302339,1,3
4,4,GtDeer_treatment_septum_4x_53.tif,/Users/kemart/Documents/GitHub/chRonic-time-wasting-disease/TestImages,807,807,992,992,962,962,328,328,930,930,297,297,946.2218091697646,946.2218091697646,313.0718711276332,313.0718711276332,1.0753188803201772,1.0753188803201772,828,828,0.3277227655852695,0.3277227655852695,32.05470811910906,32.05470811910906,1,1,0.813508064516129,0.813508064516129,0.9299567024269574,0.9299567024269574,33.161104794001375,33.161104794001375,33.421549934136806,33.421549934136806,14.866068747318506,14.866068747318506,5.515014434929075,5.515014434929075,5.0,5.0,30.0,30.0,31.32974747678974,31.32974747678974,-52.867527698533166,-52.867527698533166,104.42640687119285,104.42640687119285,0.9746376811594203,0.9746376811594203,0.8728550095093213,0.8728550095093213,0.025159226861386375,0.025159226861386375,0.09981411460075554,0.09981411460075554,0.022615757274761904,0.022615757274761904,0.012608723710409171,0.012608723710409171,0.049077304046719145,0.049077304046719145,0.058063182688897874,0.058063182688897874,0.01083993294462621,0.01083993294462621,0.016551080243969906,0.016551080243969906,0.0006472935121550692,0.0006472935121550692,0.02039220793116911,0.02039220793116911,0.003894992172453838,0.003894992172453838,0.019597869263750286,0.019597869263750286,0.003912279935548971,0.003912279935548971,0.007452539954748043,0.007452539954748043,0.010200315796539919,0.010200315796539919,0.007226034912018477,0.007226034912018477,0.004714854212315267,0.004714854212315267,0.007757062836970814,0.007757062836970814,0.005431554346985771,0.005431554346985771,0.0033808979138973904,0.0033808979138973904,0.0045724635126730435,0.0045724635126730435,0.006226310916893733,0.006226310916893733,0.009565570344719007,0.009565570344719007,0.002653284849126448,0.002653284849126448,0.00669885451413119,0.00669885451413119,0.006628859117964909,0.006628859117964909,0.0065421084491438025,0.0065421084491438025,0.0067908538223793126,0.0067908538223793126,0.004336168258350257,0.004336168258350257,0,4
4,5,GtDeer_treatment_septum_4x_53.tif,/Users/kemart/Documents/GitHub/chRonic-time-wasting-disease/TestImages,139,139,187,187,920,920,353,353,909,909,336,336,913.9496402877697,913.9496402877697,343.9928057553957,343.9928057553957,1.0982558490192391,1.0982558490192391,148,148,0.8146662474809906,0.8146662474809906,13.303394180365686,13.303394180365686,1,1,0.7433155080213903,0.7433155080213903,0.9105346453588358,0.9105346453588358,17.466253520178967,17.466253520178967,16.76305461424021,16.76305461424021,5.0,5.0,2.364528639267883,2.364528639267883,2.0,2.0,9.70142500145332,9.70142500145332,10.129205914597732,10.129205914597732,-17.28597971500517,-17.28597971500517,43.79898987322333,43.79898987322333,0.9391891891891891,0.9391891891891891,0.6298231199935501,0.6298231199935501,0.04135987060008965,0.04135987060008965,0.1675217592261193,0.1675217592261193,0.11118567824704113,0.11118567824704113,0.019300855131871564,0.019300855131871564,0.014020282701592397,0.014020282701592397,0.0018107535421499016,0.0018107535421499016,0.011444814093343088,0.011444814093343088,0.038449035033881404,0.038449035033881404,0.009896030823470237,0.009896030823470237,0.008016727619818245,0.008016727619818245,0.006463698410660762,0.006463698410660762,0.029438246086034743,0.029438246086034743,0.010181643834070608,0.010181643834070608,0.017939226413358666,0.017939226413358666,0.017496373660232867,0.017496373660232867,0.012248706816772278,0.012248706816772278,0.013153647862123153,0.013153647862123153,0.006710450553943158,0.006710450553943158,0.00407758482916367,0.00407758482916367,0.008216915648950185,0.008216915648950185,0.016543828160703128,0.016543828160703128,0.004026179047398378,0.004026179047398378,0.01743683922180179,0.01743683922180179,0.010077440924604558,0.010077440924604558,0.0016110241174359839,0.0016110241174359839,0.002871503732991649,0.002871503732991649,0.004943308917784268,0.004943308917784268,0.008138840031204013,0.008138840031204013,0.004205570741522282,0.004205570741522282,0,5
4,6,GtDeer_treatment_septum_4x_53.tif,/Users/kemart/Documents/GitHub/chRonic-time-wasting-disease/TestImages,111,111,143,143,921,921,440,440,910,910,427,427,915.1531531531532,915.1531531531532,432.8828828828829,432.8828828828829,0.9490882041316041,0.9490882041316041,114,114,0.6124126709901305,0.6124126709901305,11.888212206450685,11.888212206450685,1,1,0.7762237762237763,0.7762237762237763,1.0536428496811623,1.0536428496811623,13.359148578319255,13.359148578319255,13.0,13.0,5.385164807134504,5.385164807134504,2.324016141961666,2.324016141961666,2.0,2.0,9.899494936611665,9.899494936611665,10.560917902242398,10.560917902242398,-28.339641580725004,-28.339641580725004,36.384776310850235,36.384776310850235,0.9736842105263158,0.9736842105263158,0.8212018365451641,0.8212018365451641,0.04709951907960898,0.04709951907960898,0.12852314721023325,0.12852314721023325,0.06564573403266098,0.06564573403266098,0.01302466725692434,0.01302466725692434,0.012879217054569831,0.012879217054569831,0.06027248578016695,0.06027248578016695,0.02130089111123155,0.02130089111123155,0.00850734748607738,0.00850734748607738,0.014280575552426115,0.014280575552426115,0.009808274061536464,0.009808274061536464,0.008115480856294393,0.008115480856294393,0.012017921890647466,0.012017921890647466,0.00989369590272726,0.00989369590272726,0.002860678572373477,0.002860678572373477,0.010009812219109598,0.010009812219109598,0.01709031705766913,0.01709031705766913,0.00402391093964482,0.00402391093964482,0.007498882509309706,0.007498882509309706,0.0069110869932346,0.0069110869932346,0.00103107069759307,0.00103107069759307,0.018877132338918412,0.018877132338918412,0.0019229001756440748,0.0019229001756440748,0.005889617616272329,0.005889617616272329,0.010824964832523211,0.010824964832523211,0.002970253655081217,0.002970253655081217,0.007720673165070881,0.007720673165070881,0.006657615865598522,0.006657615865598522,0.008031560789090423,0.008031560789090423,0.007086089177283412,0.007086089177283412,1,6
4,7,GtDeer_treatment_septum_4x_53.tif,/Users/kemart/Documents/GitHub/chRonic-time-wasting-disease/TestImages,327,327,414,414,746,746,600,600,728,728,577,577,737.0795107033639,737.0795107033639,588.0611620795107,588.0611620795107,1.0503960757821622,1.0503960757821622,337,337,0.6198245622273915,0.6198245622273915,20.404639941160397,20.404639941160397,1,1,0.7898550724637681,0.7898550724637681,0.9520218354351375,0.9520218354351375,23.09027252635262,23.09027252635262,22.561028345356956,22.561028345356956,9.0,9.0,3.6093680754233413,3.6093680754233413,3.1622776601683795,3.1622776601683795,17.0,17.0,18.119869943651427,18.119869943651427,-3.727687764344706,-3.727687764344706,65.698484809835,65.698484809835,0.9703264094955489,0.9703264094955489,0.8179751102719023,0.8179751102719023,0.030811468923691902,0.030811468923691902,0.12343613636319548,0.12343613636319548,0.08123323731760206,0.08123323731760206,0.00629322426863933,0.00629322426863933,0.022845752489466468,0.022845752489466468,0.048616836235480965,0.048616836235480965,0.027008813993395133,0.027008813993395133,0.01849750204945594,0.01849750204945594,0.020386500447330543,0.020386500447330543,0.0034872621812020383,0.0034872621812020383,0.007399919128990606,0.007399919128990606,0.0001615303334461526,0.0001615303334461526,0.0022704401161343403,0.0022704401161343403,0.022101915737432472,0.022101915737432472,0.002234097835163959,0.002234097835163959,0.011362645401280026,0.011362645401280026,0.004049082969460509,0.004049082969460509,0.008923459925534413,0.008923459925534413,0.0031282525018124624,0.0031282525018124624,0.013734956782141736,0.013734956782141736,0.003119100203669148,0.003119100203669148,0.010311600744247898,0.010311600744247898,0.01079981934300435,0.01079981934300435,0.002170169339148284,0.002170169339148284,0.0061720094800448155,0.0061720094800448155,0.005598601321359442,0.005598601321359442,0.003122282942371414,0.003122282942371414,0.00626829887249352,0.00626829887249352,0.0003882743765203269,0.0003882743765203269,1,7
4,8,GtDeer_treatment_septum_4x_53.tif,/Users/kemart/Documents/GitHub/chRonic-time-wasting-disease/TestImages,7,7,9,9,738,738,652,652,735,735,649,649,736.0,736.0,649.7142857142857,649.7142857142857,0.5300702784881366,0.5300702784881366,7,7,0.3779644730092273,0.3779644730092273,2.985410660720923,2.985410660720923,1,1,0.7777777777777778,0.7777777777777778,1.8865422955842652,1.8865422955842652,3.0237157840738176,3.0237157840738176,2.23606797749979,2.23606797749979,1.4142135623730951,1.4142135623730951,1.0591733660532994,1.0591733660532994,1.0,1.0,2.0,2.0,2.7994168488950604,2.7994168488950604,90.0,90.0,6.82842712474619,6.82842712474619,1.0,1.0,1.4260282901033823,1.4260282901033823,0.040743665431525196,0.040743665431525196,0.5133701844372177,0.5133701844372177,0.07333859777674544,0.07333859777674544,0.0016297466172610097,0.0016297466172610097,0.389509441525381,0.389509441525381,0.56552207618957,0.56552207618957,0.020534807377488522,0.020534807377488522,0.008148733086305003,0.008148733086305003,0.021838604671297526,0.021838604671297526,0.7676106567299347,0.7676106567299347,0.36499805240177535,0.36499805240177535,0.3975929847469954,0.3975929847469954,0.3490917254173079,0.3490917254173079,0.3129243884870516,0.3129243884870516,0.5067990460764215,0.5067990460764215,0.26656135671921055,0.26656135671921055,0.6205631827450026,0.6205631827450026,0.10813955514309005,0.10813955514309005,0.3051954781293532,0.3051954781293532,0.6861389714344097,0.6861389714344097,0.10587199088969718,0.10587199088969718,0.10715388438897057,0.10715388438897057,0.49107837982659236,0.49107837982659236,0.3460251941822694,0.3460251941822694,0.13525436670297314,0.13525436670297314,0.5414867295338799,0.5414867295338799,0.08525697390269349,0.08525697390269349,0.028730998685288292,0.028730998685288292,0.45189395165467905,0.45189395165467905,0,8
4,9,GtDeer_treatment_septum_4x_53.tif,/Users/kemart/Documents/GitHub/chRonic-time-wasting-disease/TestImages,661,661,4576,4576,1252,1252,1097,1097,1148,1148,1053,1053,1224.0484114977307,1224.0484114977307,1088.4583963691377,1088.4583963691377,8.761420809543132,8.761420809543132,2340,2340,0.9648271847762515,0.9648271847762515,29.010538413996088,29.010538413996088,1,1,0.1444493006993007,0.1444493006993007,0.11413673897626035,0.11413673897626035,113.19650320551783,113.19650320551783,111.61541112229978,111.61541112229978,7.0710678118654755,7.0710678118654755,2.2328862116409254,2.2328862116409254,2.0,2.0,39.68090029384056,39.68090029384056,29.757658502058998,29.757658502058998,-78.60982023385974,-78.60982023385974,269.7695526217004,269.7695526217004,0.2824786324786325,0.2824786324786325,0.06755589493256883,0.06755589493256883,0.03418408046081639,0.03418408046081639,0.004181838841539006,0.004181838841539006,0.02526439337817818,0.02526439337817818,0.01309980360308706,0.01309980360308706,0.020714640450997066,0.020714640450997066,0.0024782100883209025,0.0024782100883209025,0.005318801819859093,0.005318801819859093,0.011543702007932095,0.011543702007932095,0.008680236047174302,0.008680236047174302,0.008636970610709727,0.008636970610709727,0.01050692446714765,0.01050692446714765,0.0032091338091849906,0.0032091338091849906,0.013421473335285927,0.013421473335285927,0.006909044238190944,0.006909044238190944,0.005264104743293517,0.005264104743293517,0.0065007113704350465,0.0065007113704350465,0.007498924730673038,0.007498924730673038,0.007300313562843375,0.007300313562843375,0.003585420758657563,0.003585420758657563,0.008609475237841167,0.008609475237841167,0.0020753103906894707,0.0020753103906894707,0.00869365736674105,0.00869365736674105,0.0062284294147858105,0.0062284294147858105,0.004421264342918381,0.004421264342918381,0.0015201300540367893,0.0015201300540367893,0.004943246957741132,0.004943246957741132,0.00618539619382019,0.00618539619382019,0.0033394720751317736,0.0033394720751317736,0.002783627794682476,0.002783627794682476,3,9
5,1,WT_control_septum_4x_09.tif,/Users/kemart/Downloads/controls/septum_4x,2062892,2062892,2697450,2697450,1850,1850,1540,1540,15,15,70,70,934.3323382901286,934.3323382901286,837.6999755682799,837.6999755682799,1.4170015108898508,1.4170015108898508,2124301,2124301,0.6870281271929904,0.6870281271929904,1620.6651939613591,1620.6651939613591,0,0,0.7647563439544756,0.7647563439544756,0.7057155495705989,0.7057155495705989,1915.2517622676394,1915.2517622676394,1865.120907608941,1865.120907608941,584.9752131500958,584.9752131500958,219.82938015720924,219.82938015720924,200.35218990567586,200.35218990567586,1358.938585581594,1358.938585581594,1391.6809636256467,1391.6809636256467,-79.3126001199859,-79.3126001199859,6060.777413171634,6060.777413171634,0.9710921380727119,0.9710921380727119,0.7549918679525409,0.7549918679525409,0.03400947061882973,0.03400947061882973,0.14373565253221685,0.14373565253221685,0.09290284036127427,0.09290284036127427,0.01078079961559891,0.01078079961559891,0.005268570053077536,0.005268570053077536,0.04136587336145666,0.04136587336145666,0.0019332153432009495,0.0019332153432009495,0.00017656641854087697,0.00017656641854087697,0.01511184468735883,0.01511184468735883,0.005695992106311998,0.005695992106311998,0.01187956996578614,0.01187956996578614,0.002566328785962865,0.002566328785962865,0.021660165716603574,0.021660165716603574,0.02482510144993234,0.02482510144993234,0.0020134712011441627,0.0020134712011441627,0.0022771749303504385,0.0022771749303504385,0.006517995060980173,0.006517995060980173,0.004037924945222009,0.004037924945222009,0.0031401353802686057,0.0031401353802686057,0.0029228770080573624,0.0029228770080573624,0.007767598609288959,0.007767598609288959,0.00038115119125653577,0.00038115119125653577,0.002153297537017176,0.002153297537017176,0.0031250912199833635,0.0031250912199833635,0.0043125321105861834,0.0043125321105861834,0.006243883555092589,0.006243883555092589,0.008043821377645472,0.008043821377645472,0.0069616917361202445,0.0069616917361202445,0.004630286381290575,0.004630286381290575,279,1
6,1,WT_control_septum_4x_13.tif,/Users/kemart/Downloads/controls/septum_4x,1365,1365,2064,2064,86,86,43,43,38,38,0,0,64.14725274725275,64.14725274725275,18.238095238095237,18.238095238095237,1.3096579946207119,1.3096579946207119,1395,1395,0.8056074222306518,0.8056074222306518,41.68899109553381,41.68899109553381,1,1,0.6613372093023255,0.6613372093023255,0.7635581228896392,0.7635581228896392,55.298198394531724,55.298198394531724,58.25804665451803,58.25804665451803,15.811388300841896,15.811388300841896,6.226020491751647,6.226020491751647,5.656854249492381,5.656854249492381,33.596895410371914,33.596895410371914,32.76140264624804,32.76140264624804,44.66899256836918,44.66899256836918,149.88225099390857,149.88225099390857,0.978494623655914,0.978494623655914,0.5120718852573651,0.5120718852573651,0.06428175298768986,0.06428175298768986,0.18428424627448214,0.18428424627448214,0.07404157199934558,0.07404157199934558,0.0421520235056737,0.0421520235056737,0.015829988813993643,0.015829988813993643,0.010388129260671383,0.010388129260671383,0.0291063922547614,0.0291063922547614,0.03390403155194123,0.03390403155194123,0.008458751698287035,0.008458751698287035,0.011248615878043296,0.011248615878043296,0.0034213380553529582,0.0034213380553529582,0.01467764766459583,0.01467764766459583,0.005585404213333701,0.005585404213333701,0.015383482523866806,0.015383482523866806,0.013227417525559138,0.013227417525559138,0.02007581007567459,0.02007581007567459,0.010614905195007438,0.010614905195007438,0.012919743681164405,0.012919743681164405,0.0039975561045629176,0.0039975561045629176,0.0003276720459660539,0.0003276720459660539,0.0026078002254892314,0.0026078002254892314,0.003526628826416412,0.003526628826416412,0.0021130746678438344,0.0021130746678438344,0.007313509576474992,0.007313509576474992,0.009176112655697864,0.009176112655697864,0.004025120297538823,0.004025120297538823,0.006195905006436866,0.006195905006436866,0.00928579317826824,0.00928579317826824,0.0031747851568716813,0.0031747851568716813,10,1
6,2,WT_control_septum_4x_13.tif,/Users/kemart/Downloads/controls/septum_4x,641363,641363,846657,846657,1057,1057,814,814,0,0,13,13,536.2905608836181,536.2905608836181,406.18606467788135,406.18606467788135,2.0553263016524017,2.0553263016524017,697052,697052,0.6935211329807832,0.6935211329807832,903.6640604394855,903.6640604394855,1,1,0.7575240032268085,0.7575240032268085,0.4865407498537041,0.4865407498537041,1094.9806903501044,1094.9806903501044,1069.2801316773823,1069.2801316773823,345.05796614482034,345.05796614482034,108.97291087428184,108.97291087428184,95.34149149242423,95.34149149242423,782.1369357498085,782.1369357498085,788.8638186996972,788.8638186996972,-82.86044425068053,-82.86044425068053,4070.026837596191,4070.026837596191,0.9201078255280811,0.9201078255280811,0.7027211376825561,0.7027211376825561,0.05332823421921094,0.05332823421921094,0.14394521877335542,0.14394521877335542,0.0833045085393163,0.0833045085393163,0.011560628151035228,0.011560628151035228,0.008361528768686463,0.008361528768686463,0.02962073262803771,0.02962073262803771,0.018249158607113708,0.018249158607113708,0.010056789798263367,0.010056789798263367,0.02045316485390331,0.02045316485390331,0.026131204331415536,0.026131204331415536,0.015375023515742239,0.015375023515742239,0.011385258046700422,0.011385258046700422,0.02354903321577587,0.02354903321577587,0.009013540599157556,0.009013540599157556,0.011434178982067448,0.011434178982067448,0.005575674189322362,0.005575674189322362,0.010941034464498253,0.010941034464498253,0.006502570997782608,0.006502570997782608,0.0018282066491494802,0.0018282066491494802,0.009239660875364934,0.009239660875364934,0.0027521288672175473,0.0027521288672175473,0.004797064093872742,0.004797064093872742,0.009730066666485817,0.009730066666485817,0.005600289338782195,0.005600289338782195,0.007167285847939276,0.007167285847939276,0.010884886382094634,0.010884886382094634,0.008556133684280265,0.008556133684280265,0.0015013354286942545,0.0015013354286942545,0.005873429326384157,0.005873429326384157,137,2
6,3,WT_control_septum_4x_13.tif,/Users/kemart/Downloads/controls/septum_4x,573,573,4128,4128,1089,1089,851,851,993,993,808,808,1065.6404886561954,1065.6404886561954,841.2338568935428,841.2338568935428,7.5894692453682,7.5894692453682,2112,2112,0.9490289126677174,0.9490289126677174,27.010484244701136,27.010484244701136,1,1,0.13880813953488372,0.13880813953488372,0.13176151950418574,0.13176151950418574,103.62196060500018,103.62196060500018,103.87011119662864,103.87011119662864,7.0,7.0,2.202445854911286,2.202445854911286,2.0,2.0,38.41336024418837,38.41336024418837,32.66050496843249,32.66050496843249,-75.77422320816815,-75.77422320816815,233.76955262170046,233.76955262170046,0.2713068181818182,0.2713068181818182,0.06762130495256728,0.06762130495256728,0.03640375443505537,0.03640375443505537,0.008566583595960535,0.008566583595960535,0.026707185311470438,0.026707185311470438,0.012669993838412644,0.012669993838412644,0.021073869593757805,0.021073869593757805,0.0035775237180054654,0.0035775237180054654,0.005376326011694623,0.005376326011694623,0.011213704372743575,0.011213704372743575,0.009887684899543656,0.009887684899543656,0.007980792804958049,0.007980792804958049,0.00907506901661546,0.00907506901661546,0.005458636910481581,0.005458636910481581,0.015451533528925521,0.015451533528925521,0.007553070756697306,0.007553070756697306,0.004381476305578751,0.004381476305578751,0.006935449772630908,0.006935449772630908,0.008527164142459626,0.008527164142459626,0.007124925295588164,0.007124925295588164,0.0026527435434983964,0.0026527435434983964,0.008670203724166473,0.008670203724166473,0.002112119612488523,0.002112119612488523,0.007608436382231547,0.007608436382231547,0.005538564590611614,0.005538564590611614,0.004973078795977964,0.004973078795977964,0.0010358153481966577,0.0010358153481966577,0.0070081529978013165,0.0070081529978013165,0.006194864351588322,0.006194864351588322,0.002383695887654947,0.002383695887654947,0.004021208351532568,0.004021208351532568,5,3
7,1,WT_control_septum_4x_19.tif,/Users/kemart/Downloads/controls/septum_4x,518,518,693,693,21,21,33,33,0,0,0,0,8.233590733590734,8.233590733590734,13.028957528957529,13.028957528957529,1.3756069053647961,1.3756069053647961,529,529,0.8195357994359108,0.8195357994359108,25.68147355921802,25.68147355921802,1,1,0.7474747474747475,0.7474747474747475,0.7269518611022171,0.7269518611022171,35.1595259942342,35.1595259942342,37.73592452822641,37.73592452822641,10.0,10.0,3.8921207575169774,3.8921207575169774,3.605551275463989,3.605551275463989,20.0,20.0,20.147392390780094,20.147392390780094,-17.935835012019517,-17.935835012019517,94.62741699796952,94.62741699796952,0.9792060491493384,0.9792060491493384,0.4604763802939669,0.4604763802939669,0.08395371776296635,0.08395371776296635,0.16770442273911199,0.16770442273911199,0.06592229240138853,0.06592229240138853,0.040580692567040284,0.040580692567040284,0.02439799112258118,0.02439799112258118,0.021274335785287056,0.021274335785287056,0.04164873255261057,0.04164873255261057,0.016376093053652247,0.016376093053652247,0.01578002685274782,0.01578002685274782,0.018869818622986728,0.018869818622986728,0.004599016964002764,0.004599016964002764,0.007144242142545403,0.007144242142545403,0.011966856854841853,0.011966856854841853,0.015251883561087897,0.015251883561087897,0.020366160690503433,0.020366160690503433,0.008459611171913859,0.008459611171913859,0.009389224335962065,0.009389224335962065,0.001862108783934905,0.001862108783934905,0.007247455381313163,0.007247455381313163,0.007141834054751451,0.007141834054751451,0.00485129545474598,0.00485129545474598,0.007869849883205406,0.007869849883205406,0.014588463425243486,0.014588463425243486,0.008318025824386142,0.008318025824386142,0.010859338219068076,0.010859338219068076,0.01010442974910283,0.01010442974910283,0.0008504252605221205,0.0008504252605221205,0.004314913377908867,0.004314913377908867,0.004045818361909412,0.004045818361909412,0,1
7,2,WT_control_septum_4x_19.tif,/Users/kemart/Downloads/controls/septum_4x,408286,408286,540471,540471,830,830,761,761,59,59,60,60,462.99142267920035,462.99142267920035,421.3999549335515,421.3999549335515,1.5028652381972831,1.5028652381972831,430549,430549,0.5709820980374497,0.5709820980374497,721.0033847089351,721.0033847089351,1,1,0.7554262855916414,0.7554262855916414,0.6653956553014161,0.6653956553014161,810.9214404397749,810.9214404397749,796.4653162567721,796.4653162567721,249.04015740438328,249.04015740438328,96.2338906389205,96.2338906389205,88.64536084872124,88.64536084872124,652.5334964024698,652.5334964024698,665.7361015984043,665.7361015984043,76.55617819527617,76.55617819527617,2776.8165927534255,2776.8165927534255,0.9482915997946807,0.9482915997946807,0.7936111623857833,0.7936111623857833,0.06505745088750167,0.06505745088750167,0.11611047646890926,0.11611047646890926,0.059729778788214005,0.059729778788214005,0.007199110723303722,0.007199110723303722,0.029386115397102952,0.029386115397102952,0.0425268573164266,0.0425268573164266,0.012950818230983626,0.012950818230983626,0.023577819159378142,0.023577819159378142,0.018164534267055745,0.018164534267055745,0.01225878824581561,0.01225878824581561,0.024652040194488453,0.024652040194488453,0.019641344592868724,0.019641344592868724,0.015161043859488832,0.015161043859488832,0.011612445221122182,0.011612445221122182,0.005351725202878689,0.005351725202878689,0.003968582922994047,0.003968582922994047,0.0035003115504628557,0.0035003115504628557,0.011430477166484265,0.011430477166484265,0.00885580649368027,0.00885580649368027,0.010421106344652499,0.010421106344652499,0.0052262445004579265,0.0052262445004579265,0.003838053810036404,0.003838053810036404,0.0028889482716162695,0.0028889482716162695,0.00407394358745429,0.00407394358745429,0.0018728293433099296,0.0018728293433099296,0.003242650420066631,0.003242650420066631,0.012384235774556801,0.012384235774556801,0.005370130335919684,0.005370130335919684,0.0010473311692597092,0.0010473311692597092,16,2
7,3,WT_control_septum_4x_19.tif,/Users/kemart/Downloads/controls/septum_4x,1153,1153,5610,5610,929,929,827,827,819,819,776,776,892.201214223764,892.201214223764,816.0667823070252,816.0667823070252,6.602275141011936,6.602275141011936,2951,2951,0.9565688699264716,0.9565688699264716,38.31507790778511,38.31507790778511,1,1,0.2055258467023173,0.2055258467023173,0.15146293946282421,0.15146293946282421,134.03998060973856,134.03998060973856,119.9208072020865,119.9208072020865,8.0,8.0,2.59975748382801,2.59975748382801,2.0,2.0,45.915247785566606,45.915247785566606,39.07351584690055,39.07351584690055,-77.21709171808544,-77.21709171808544,309.2903679018718,309.2903679018718,0.3907150118603863,0.3907150118603863,0.1020822748821113,0.1020822748821113,0.04088623186697962,0.04088623186697962,0.00014427693376277875,0.00014427693376277875,0.02999717539252517,0.02999717539252517,0.02279312724098741,0.02279312724098741,0.023420470341691493,0.023420470341691493,0.0068096339752143084,0.0068096339752143084,0.005149294649533384,0.005149294649533384,0.00665365591630255,0.00665365591630255,0.011863842912439344,0.011863842912439344,0.014320096490192566,0.014320096490192566,0.008793322742012125,0.008793322742012125,0.0024038583668398224,0.0024038583668398224,0.019770109843995395,0.019770109843995395,0.005495267548122384,0.005495267548122384,0.005225524264059428,0.005225524264059428,0.009829078839814208,0.009829078839814208,0.009233345649037885,0.009233345649037885,0.008128242486997374,0.008128242486997374,0.0018019265838580603,0.0018019265838580603,0.012765628082377963,0.012765628082377963,0.0038457183089985626,0.0038457183089985626,0.013349081967306452,0.013349081967306452,0.005545205367626352,0.005545205367626352,0.007243973298562707,0.007243973298562707,0.0021869416606532673,0.0021869416606532673,0.00731481333939877,0.00731481333939877,0.005098269547663751,0.005098269547663751,0.0020113893489432885,0.0020113893489432885,0.0049954614150223816,0.0049954614150223816,17,3
8,1,WT_control_septum_4x_21.tif,/Users/kemart/Downloads/controls/septum_4x,643672,643672,842978,842978,1077,1077,899,899,35,35,90,90,549.0009942952311,549.0009942952311,493.9787531537802,493.9787531537802,1.8824312674998664,1.8824312674998664,685219,685219,0.6892829796679361,0.6892829796679361,905.2892599820079,905.2892599820079,1,1,0.763569156015934,0.763569156015934,0.5312278951507965,0.5312278951507965,1086.9594989489901,1086.9594989489901,1054.8042472421128,1054.8042472421128,348.1436485130815,348.1436485130815,110.01822590322953,110.01822590322953,96.77293009927931,96.77293009927931,770.0860107434007,770.0860107434007,787.4936982678712,787.4936982678712,-80.95765462393321,-80.95765462393321,3902.0857120992364,3902.0857120992364,0.9393668301667059,0.9393668301667059,0.72834073770978,0.72834073770978,0.07059046964821633,0.07059046964821633,0.1315765551684319,0.1315765551684319,0.08407738103188918,0.08407738103188918,0.008912413620203917,0.008912413620203917,0.011367303165190315,0.011367303165190315,0.024364092993029305,0.024364092993029305,0.011705548380801246,0.011705548380801246,0.010731727467040873,0.010731727467040873,0.02182492411843725,0.02182492411843725,0.02786908048474844,0.02786908048474844,0.0151879198968057,0.0151879198968057,0.009703414298206895,0.009703414298206895,0.0182595282971535,0.0182595282971535,0.008929376911422279,0.008929376911422279,0.010061051431952394,0.010061051431952394,0.0067460634715156105,0.0067460634715156105,0.0052719102076304964,0.0052719102076304964,0.007013299185404528,0.007013299185404528,0.001108798415600027,0.001108798415600027,0.01110541407936473,0.01110541407936473,0.0021376846618340046,0.0021376846618340046,0.001535453233010893,0.001535453233010893,0.008008875035503472,0.008008875035503472,0.007333069153946094,0.007333069153946094,0.006503537993397648,0.006503537993397648,0.010464501000350233,0.010464501000350233,0.00864335444455234,0.00864335444455234,0.0014224819113065985,0.0014224819113065985,0.005542712915526649,0.005542712915526649,631,1
8,2,WT_control_septum_4x_21.tif,/Users/kemart/Downloads/controls/septum_4x,37,37,60,60,1098,1098,968,968,1093,1093,956,956,1095.6756756756756,1095.6756756756756,962.9459459459459,962.9459459459459,1.2424987462776156,1.2424987462776156,41,41,0.9422398040685426,0.9422398040685426,6.863662517577698,6.863662517577698,1,1,0.6166666666666667,0.6166666666666667,0.8048297859421475,0.8048297859421475,12.595077952523802,12.595077952523802,11.704699910719626,11.704699910719626,2.0,2.0,1.2768281266788997,1.2768281266788997,1.0,1.0,4.0,4.0,4.21858315104506,4.21858315104506,-11.503775591344647,-11.503775591344647,24.035533905932738,24.035533905932738,0.9024390243902439,0.9024390243902439,0.3438676142715403,0.3438676142715403,0.09377796517380012,0.09377796517380012,0.07129707291366914,0.07129707291366914,0.09888633725153301,0.09888633725153301,0.03889281876165562,0.03889281876165562,0.05043783198610027,0.05043783198610027,0.06025790310294076,0.06025790310294076,0.012074020753991886,0.012074020753991886,0.03340032940376433,0.03340032940376433,0.033594768714140195,0.033594768714140195,0.018575741671373637,0.018575741671373637,0.023563838141378943,0.023563838141378943,0.014668329803519235,0.014668329803519235,0.031036540181218847,0.031036540181218847,0.004307022645809109,0.004307022645809109,0.013184190086154273,0.013184190086154273,0.0128145211290477,0.0128145211290477,0.024121354684044194,0.024121354684044194,0.006908829303226279,0.006908829303226279,0.006346052342029153,0.006346052342029153,0.02368213845150767,0.02368213845150767,0.018142563424666674,0.018142563424666674,0.013357263726969857,0.013357263726969857,0.0030860597828362623,0.0030860597828362623,0.025875652585479268,0.025875652585479268,0.010598973846977328,0.010598973846977328,0.006708967950463992,0.006708967950463992,0.012916058234898326,0.012916058234898326,0.010118277422148114,0.010118277422148114,0.006379663594075806,0.006379663594075806,0,2
